[
  {
    "item_id": "1",
    "item_name": "Scientific Calculator",
    "image_url": "https://i.pinimg.com/736x/cd/d9/f1/cdd9f1269b09585e9deddaa4a95d00f5.jpg",
    "description": "Casio FX-991EX with name written on the back.",
    "category": "Electronics",
    "status": "Lost",
    "date_reported": "2025-04-01",
    "location_last_seen": "Physics Lab",
    "reporter": {
      "name": "Sujan Thapa",
      "student_id": "BSC202301",
      "contact": {
        "email": "sujan.thapa@icp.edu.np",
        "phone": "9800000001"
      }
    }
  },
  {
    "item_id": "2",
    "item_name": "Water Bottle",
    "image_url": "https://customkings.com.au/wp-content/uploads/2025/03/If-Lost-1-Litre-Water-Bottle-2-1.webp",
    "description": "Green bottle with floral print.",
    "category": "Personal Items",
    "status": "Found",
    "date_reported": "2025-04-01",
    "location_last_seen": "Canteen",
    "reporter": {
      "name": "Puja Karki",
      "student_id": "BBA202304",
      "contact": {
        "email": "puja.karki@icp.edu.np",
        "phone": "9800000002"
      }
    }
  },
  {
    "item_id": "3",
    "item_name": "Mobile Phone",
    "image_url": "https://hips.hearstapps.com/vader-prod.s3.amazonaws.com/1738252275-galaxy-s24-fe-001-679b9fd18c58a.jpg?crop=0.959xw:0.959xh;0.0342xw,0.0261xh&resize=980:*",
    "description": "Samsung Galaxy A12 with cracked screen.",
    "category": "Electronics",
    "status": "Lost",
    "date_reported": "2025-04-02",
    "location_last_seen": "Main Library",
    "reporter": {
      "name": "Anish KC",
      "student_id": "BIT202303",
      "contact": {
        "email": "anish.kc@icp.edu.np",
        "phone": "9800000003"
      }
    }
  },
  {
    "item_id": "4",
    "item_name": "ID Card",
    "image_url": "https://preview.redd.it/found-lost-id-card-at-university-college-v0-bgrn477dqhre1.jpeg?width=640&crop=smart&auto=webp&s=4afe7ee1126080aaa01750a133bf475806766a51",
    "description": "Student ID of Sita Sharma found near Block C.",
    "category": "Documents",
    "status": "Found",
    "date_reported": "2025-04-02",
    "location_last_seen": "Block C Stairs",
    "reporter": {
      "name": "Rajesh Bhandari",
      "student_id": "BSC202307",
      "contact": {
        "email": "rajesh.bhandari@icp.edu.np",
        "phone": "9800000004"
      }
    }
  },
  {
    "item_id": "5",
    "item_name": "Drawing Compass Set",
    "image_url": "https://i.pinimg.com/736x/b2/74/ae/b274aef3fa9d67832c7f9c1bf9ba10fe.jpg",
    "description": "Metallic compass set in a transparent box.",
    "category": "Stationery",
    "status": "Lost",
    "date_reported": "2025-04-03",
    "location_last_seen": "Engineering Drawing Room",
    "reporter": {
      "name": "Binita Adhikari",
      "student_id": "BE202309",
      "contact": {
        "email": "binita.adhikari@icp.edu.np",
        "phone": "9800000005"
      }
    }
  },
  {
    "item_id": "6",
    "item_name": "Laptop Charger",
    "image_url": "https://di2ponv0v5otw.cloudfront.net/posts/2023/07/03/64a3a414b635f84f60e4777a/m_wp_64a3a41dfed51fa57b02b975.webp",
    "description": "Lenovo laptop charger with a torn cable cover.",
    "category": "Electronics",
    "status": "Found",
    "date_reported": "2025-04-03",
    "location_last_seen": "IT Lab",
    "reporter": {
      "name": "Prakash Gurung",
      "student_id": "BIT202305",
      "contact": {
        "email": "prakash.gurung@icp.edu.np",
        "phone": "9800000006"
      }
    }
  },
  {
    "item_id": "7",
    "item_name": "Notebook",
    "image_url": "https://image.hamropatro.com/square/rs:fit:1200:1200/g:sm/plain/https%3A%2F%2Feverestdb.sgp1.cdn.digitaloceanspaces.com%2Fhamropatro%2Fhpstorefolder%2Fproducts%2Fed204221-6f4d-4b22-b293-209074fa0afa@webp",
    "description": "Blue spiral notebook with floral design.",
    "category": "Stationery",
    "status": "Lost",
    "date_reported": "2025-04-04",
    "location_last_seen": "Lecture Hall A1",
    "reporter": {
      "name": "Kritika Shrestha",
      "student_id": "BBA202306",
      "contact": {
        "email": "kritika.shrestha@icp.edu.np",
        "phone": "9800000007"
      }
    }
  },
  {
    "item_id": "8",
    "item_name": "Backpack",
    "image_url": "https://www.cnet.com/a/img/resize/1d34dbb3208728418212778201c3b4add3bda110/hub/2021/10/20/c8de312d-eaa1-4aa8-9012-a7fed7e4d57f/nomatic-travel-backpack-01.jpg?auto=webp&fit=crop&height=1200&width=1200",
    "description": "Black Wildcraft backpack with red zippers.",
    "category": "Accessories",
    "status": "Found",
    "date_reported": "2025-04-04",
    "location_last_seen": "Seminar Hall",
    "reporter": {
      "name": "Sunil Lama",
      "student_id": "MBA202308",
      "contact": {
        "email": "sunil.lama@icp.edu.np",
        "phone": "9800000008"
      }
    }
  },
  {
    "item_id": "9",
    "item_name": "Power Bank",
    "image_url": "https://i.pinimg.com/736x/94/b7/8a/94b78a4311af1dcb6c9a966da29ecd02.jpg",
    "description": "Xiaomi 10,000 mAh power bank, white color.",
    "category": "Electronics",
    "status": "Lost",
    "date_reported": "2025-04-05",
    "location_last_seen": "Reading Room",
    "reporter": {
      "name": "Aarav Shakya",
      "student_id": "BSC202309",
      "contact": {
        "email": "aarav.shakya@icp.edu.np",
        "phone": "9800000009"
      }
    }
  },
  {
    "item_id": "10",
    "item_name": "Pencil Case",
    "image_url": "https://i.pinimg.com/736x/3d/c4/d0/3dc4d083a94cfc92643714dac446baab.jpg",
    "description": "Marvel-themed pencil pouch with pens and markers.",
    "category": "Stationery",
    "status": "Found",
    "date_reported": "2025-04-05",
    "location_last_seen": "Drawing Studio",
    "reporter": {
      "name": "Meera Basnet",
      "student_id": "BE202311",
      "contact": {
        "email": "meera.basnet@icp.edu.np",
        "phone": "9800000010"
      }
    }
  },
  {
    "item_id": "11",
    "item_name": "Watch",
    "image_url": "https://i.pinimg.com/736x/88/c9/fd/88c9fde818d7b0fea39eb3f9e4d88632.jpg",
    "description": "Black digital watch, Casio brand.",
    "category": "Accessories",
    "status": "Lost",
    "date_reported": "2025-04-06",
    "location_last_seen": "Basketball Court",
    "reporter": {
      "name": "Sagar Maharjan",
      "student_id": "BSC202310",
      "contact": {
        "email": "sagar.maharjan@icp.edu.np",
        "phone": "9800000011"
      }
    }
  },
  {
    "item_id": "12",
    "item_name": "Sunglasses",
    "image_url": "https://i.pinimg.com/736x/14/9e/8c/149e8cc7cf7541f0671267b7a4021560.jpg",
    "description": "Ray-Ban sunglasses in a black case.",
    "category": "Accessories",
    "status": "Found",
    "date_reported": "2025-04-06",
    "location_last_seen": "Garden Area",
    "reporter": {
      "name": "Nisha Rana",
      "student_id": "BBA202310",
      "contact": {
        "email": "nisha.rana@icp.edu.np",
        "phone": "9800000012"
      }
    }
  },
  {
    "item_id": "13",
    "item_name": "Bluetooth Earbuds",
    "image_url": "https://i.pinimg.com/736x/6d/1c/b1/6d1cb1b73eb0dbb06cd86e01a7a3f9f9.jpg",
    "description": "Realme yellow earbuds in a black case.",
    "category": "Electronics",
    "status": "Lost",
    "date_reported": "2025-04-07",
    "location_last_seen": "Hostel Common Room",
    "reporter": {
      "name": "Ritesh Chaulagain",
      "student_id": "BIT202307",
      "contact": {
        "email": "ritesh.chaulagain@icp.edu.np",
        "phone": "9800000013"
      }
    }
  },
  {
    "item_id": "14",
    "item_name": "Scarf",
    "image_url": "https://i.pinimg.com/736x/38/1c/9c/381c9c51ad45f73fd59fabdfd4676433.jpg",
    "description": "White woolen scarf with tassels.",
    "category": "Clothing",
    "status": "Found",
    "date_reported": "2025-04-07",
    "location_last_seen": "Main Entrance Bench",
    "reporter": {
      "name": "Asmita Joshi",
      "student_id": "MBA202310",
      "contact": {
        "email": "asmita.joshi@icp.edu.np",
        "phone": "9800000014"
      }
    }
  },
  {
    "item_id": "15",
    "item_name": " Jacket",
    "image_url": "https://i.pinimg.com/736x/30/4a/a5/304aa569d487bfdcf40b1c9d44b33e08.jpg",
    "description": "Navy blue jacket with logo on the back.",
    "category": "Clothing",
    "status": "Lost",
    "date_reported": "2025-04-08",
    "location_last_seen": "Auditorium",
    "reporter": {
      "name": "Rina Maharjan",
      "student_id": "BSC202312",
      "contact": {
        "email": "rina.maharjan@icp.edu.np",
        "phone": "9800000015"
      }
    }
  },
  {
    "item_id": "16",
    "item_name": "Flash Drive",
    "image_url": "https://i.pinimg.com/736x/95/18/a6/9518a6a91d0cca717a4d7be82b217a86.jpg",
    "description": "SanDisk 32GB pen drive with keyring loop.",
    "category": "Electronics",
    "status": "Found",
    "date_reported": "2025-04-08",
    "location_last_seen": "Library Computer",
    "reporter": {
      "name": "Kushal Tamang",
      "student_id": "BIT202309",
      "contact": {
        "email": "kushal.tamang@icp.edu.np",
        "phone": "9800000016"
      }
    }
  },
  {
    "item_id": "17",
    "item_name": "Textbook",
    "image_url": "https://m.media-amazon.com/images/I/81YxEyJX6wL._AC_UC200,200_CACC,200,200_QL85_.jpg?aicid=community-reviews",
    "description": "C++ Programming book by Balagurusamy.",
    "category": "Books",
    "status": "Lost",
    "date_reported": "2025-04-09",
    "location_last_seen": "Classroom D1",
    "reporter": {
      "name": "Rekha Poudel",
      "student_id": "BE202313",
      "contact": {
        "email": "rekha.poudel@icp.edu.np",
        "phone": "9800000017"
      }
    }
  },
  {
    "item_id": "18",
    "item_name": "Helmet",
    "image_url": "https://i.pinimg.com/736x/d3/07/2b/d3072b4a87d930f8b166b3b462e65175.jpg",
    "description": "Black Bikers helmet with white stripes.",
    "category": "Accessories",
    "status": "Found",
    "date_reported": "2025-04-09",
    "location_last_seen": "Parking Area",
    "reporter": {
      "name": "Bikash Neupane",
      "student_id": "MBA202312",
      "contact": {
        "email": "bikash.neupane@icp.edu.np",
        "phone": "9800000018"
      }
    }
  },
  {
    "item_id": "19",
    "item_name": "Calculator",
    "image_url": "https://i.pinimg.com/736x/72/0a/57/720a579be109eedd0b72d8b17991eaef.jpg",
    "description": "Canon calculator with missing battery cover.",
    "category": "Electronics",
    "status": "Found",
    "date_reported": "2025-04-10",
    "location_last_seen": "Exam Hall",
    "reporter": {
      "name": "Mina Bista",
      "student_id": "BSC202314",
      "contact": {
        "email": "mina.bista@icp.edu.np",
        "phone": "9800000019"
      }
    }
  },
  {
    "item_id": "20",
    "item_name": "Purse",
    "image_url": "https://i.pinimg.com/736x/39/ba/9e/39ba9ecfec33a3363f48f2052182ada0.jpg",
    "description": "Brown leather purse with cash and receipts.",
    "category": "Accessories",
    "status": "Lost",
    "date_reported": "2025-04-10",
    "location_last_seen": "Canteen Counter",
    "reporter": {
      "name": "Sandesh Paudel",
      "student_id": "BBA202315",
      "contact": {
        "email": "sandesh.paudel@icp.edu.np",
        "phone": "9800000020"
      }
    }
  }
]
